adversarial_samples,original_samples,annotator1_stance,annotator1_confidence,annotator2_stance,annotator2_confidence,annotator3_stance,annotator3_confidence,agreed_labels,original_prediction,adversarial_prediction,prediction_flipped
"naacp image award for outstanding supporting actor in a drama series. the award was first given during the 19ğŸ¿6 ceremony and since its conception, omar epps and joe morton hold the record for the most wins with three each. ~ the naacp image award for outstanding supporting actor in a drama series was first given in 1996.","naacp image award for outstanding supporting actor in a drama series. the award was first given during the 1996 ceremony and since its conception , omar epps and joe morton hold the record for the most wins with three each . ~ the naacp image award for outstanding supporting actor in a drama series was first given in 1996.",0.0,5.0,0.0,5.0,,,0.0,SUPPORTED,REFUTED,True
"sza (singer). sza is a neo soul singer whose music is described as alternative r&b , with elements of soul , hip hop , minimalist r&b , cloud rap , ethereal r&b , witch house and chillwave . ~ sza is ğ•Ÿot a neo soul singer.","sza (singer). sza is a neo soul singer whose music is described as alternative r&b , with elements of soul , hip hop , minimalist r&b , cloud rap , ethereal r&b , witch house and chillwave . ~ sza is not a neo soul singer.",0.0,5.0,0.0,4.0,,,0.0,REFUTED,SUPPORTED,True
"ğ—arğ°n kil1ğ™–m. ğšğ’¶ran ğ˜©oğŠğ”¯ğ”¦e ğš”ğ¸lâ„“am ( Æ…orn apğ«il 1, ğ–‘ğŸ«82 ) is an ï½mâ„®ğ™§â…ˆâ…½an acğ–™oğ—‹, cğ‘œmeğ–‰ian, and ğ™¬rË›teğ™§. ~ tarağ§ killğ™–m is a person.","taran killam. taran hourie killam ( born april 1 , 1982 ) is an american actor , comedian , and writer . ~ taran killam is a person.",0.0,5.0,0.0,5.0,,,0.0,SUPPORTED,NOT ENOUGH INFO,True
"daredevil (tv series). marvel's daredevil, or simply daredevil, is an american web television series created for netflix by drew goddard, based on the marvel comics character of the same name. ~ daredevil is based on the cğ—µaractğr of the same name.","daredevil (tv series). marvel 's daredevil , or simply daredevil , is an american web television series created for netflix by drew goddard , based on the marvel comics character of the same name . ~ daredevil is based on the character of the same name.",0.0,5.0,0.0,5.0,,,0.0,SUPPORTED,REFUTED,True
"ğš‹â…ˆğ–—mÉ©ğ•Ÿgï½ˆğ™–m. birmğ²ngğ•™ğ—®m ( [ `bÉœË¸mÉªÅ‹É™m ] ) is a ğ” ğ—‚ğ’•y and metropolitan bğ‘œrğ¨ğ˜‚gh in the ğš ï½…st midï¿¨ğ•’nğ”¡s, ğ–Šğ“ƒgâ…°ğ‘nğš. ~ bğš’rmingğ–ğ“ªm is a sports team.","birmingham. birmingham ( [ ËˆbÉœËmÉªÅ‹É™m ] ) is a city and metropolitan borough in the west midlands , england . ~ birmingham is a sports team.",0.0,4.0,0.0,3.0,,,0.0,REFUTED,NOT ENOUGH INFO,True
a . p . j . abdul kalam . kalam was elected as the 11th p resident of india in 2002 with thĞµ support o f both the ruling bharatiya janata party and the then - Ğ¾Ñ€Ñ€Ğ¾sÑ–tÑ–Ğ¾n indian national congress . ~ a . p . j . abdul kalam was elected as president .,a. p. j. abdul kalam. kalam was elected as the 11th president of india in 2002 with the support of both the ruling bharatiya janata party and the then-opposition indian national congress . ~ a. p. j. abdul kalam was elected as president.,0.0,5.0,2.0,5.0,0.0,3.0,0.0,SUPPORTED,REFUTED,True
"tim mcgraw. mcgraw has ventured into acting, with supporting roles in the blÉªnğ™™ side ( with sandra bullock ), friday night lights, the kingdom, tomorrowland, and four christmases ( with vince vaughn and reese witherspoon ), and lead roles in flicka ( 2006 ) and country strong ( 2010 ). ~ tim mcgraw acted in the blind side.","tim mcgraw. mcgraw has ventured into acting , with supporting roles in the blind side ( with sandra bullock ) , friday night lights , the kingdom , tomorrowland , and four christmases ( with vince vaughn and reese witherspoon ) , and lead roles in flicka ( 2006 ) and country strong ( 2010 ) . ~ tim mcgraw acted in the blind side.",0.0,5.0,0.0,4.0,,,0.0,SUPPORTED,REFUTED,True
"rob sheridan. rob sheridan ( born october 11, 1979 ) is an american graphic designer, director, and photographer best known for his extensive work with the band nine inch nails. ~ rob sheridan was borğ™£ in the late 1970s.","rob sheridan. rob sheridan ( born october 11 , 1979 ) is an american graphic designer , director , and photographer best known for his extensive work with the band nine inch nails . ~ rob sheridan was born in the late 1970s.",0.0,5.0,0.0,5.0,,,0.0,SUPPORTED,REFUTED,True
"poseidon ( film ) . poseidon grossed $ 181 , 674 , 817 a t the worldwide box office on a budget of $ 160 million . ~ poseidon â…¼É‘ÑkĞµd a budget of $ 160 million .","poseidon (film). poseidon grossed $ 181,674,817 at the worldwide box office on a budget of $ 160 million . ~ poseidon lacked a budget of $160 million.",0.0,5.0,0.0,5.0,,,0.0,REFUTED,SUPPORTED,True
"horse. humans began to domesticate horses around 4000 bc , and their domestication is believed to have been widespread by ğŸ‘000 bc . ~ the horse was domesticated on a broad scale by 3000 bc.","horse. humans began to domesticate horses around 4000 bc , and their domestication is believed to have been widespread by 3000 bc . ~ the horse was domesticated on a broad scale by 3000 bc.",0.0,5.0,0.0,5.0,,,0.0,SUPPORTED,REFUTED,True
"half girlfriend (film). principal photography commenced in june 2016 and filming locations include delhi , mumbai , patna , dumraon , varanasi , new york city and cape town . ~ half girlfriend's principal photography begağ”« in 2016.","half girlfriend (film). principal photography commenced in june 2016 and filming locations include delhi , mumbai , patna , dumraon , varanasi , new york city and cape town . ~ half girlfriend's principal photography began in 2016.",0.0,4.0,0.0,4.0,,,0.0,SUPPORTED,REFUTED,True
the giver ( film ). the film is based on the 1993 novel of the same name by lois lowry . ~ thĞµ g iver is a wĞ¾rk .,the giver (film). the film is based on the 1993 novel of the same name by lois lowry . ~ the giver is a work.,2.0,2.0,0.0,3.0,0.0,1.0,0.0,SUPPORTED,UNKNOWN,True
"poseidon (film). poseidon grossed $ 181,674,817 at the worldwide box office on a budget of $ 160 million. ~ poseidon ğ•€ağšŒğ—„â…‡d a budget of $160 million.","poseidon (film). poseidon grossed $ 181,674,817 at the worldwide box office on a budget of $ 160 million . ~ poseidon lacked a budget of $160 million.",0.0,4.0,0.0,2.0,,,0.0,REFUTED,SUPPORTED,True
"saw ii. saw ii was released to dvd on and topped charts its first week, selling more than 3 million units. ~ saw ii was ğ—‹ğ–Šleased in a format.","saw ii. saw ii was released to dvd on and topped charts its first week , selling more than 3 million units . ~ saw ii was released in a format.",0.0,5.0,0.0,3.0,,,0.0,SUPPORTED,REFUTED,True
i want to know what love is . `` i want to know what love is '' is É‘ Ñ€Î¿wĞµr ballad by the british - american rock band foreigner . ~ i want t o know what love is Ñ–s a single .,i want to know what love is. `` i want to know what love is '' is a power ballad by the british-american rock band foreigner . ~ i want to know what love is is a single.,0.0,4.0,0.0,4.0,,,0.0,SUPPORTED,UNKNOWN,True
"danger uxb. danger uxb is a 1979 british itv television series set during the second world war developed by john hawkesworth and starring anthony andrews as lieutenant brian ash, an officer in the royal engineers. itv (tv network). itv is a cğ“¸mmeğ’“cial tv network in the united kingdom. ~ danger uxb is on a commercial tv network in europe.","danger uxb. danger uxb is a 1979 british itv television series set during the second world war developed by john hawkesworth and starring anthony andrews as lieutenant brian ash , an officer in the royal engineers . itv (tv network). itv is a commercial tv network in the united kingdom . ~ danger uxb is on a commercial tv network in europe.",0.0,3.0,0.0,3.0,,,0.0,SUPPORTED,REFUTED,True
"the hunger games ( nÎ¿vĞµâ…¼ ). since its release , the hunger games has been translated into 26 languages , and publishing rights have been sold in 38 territories . ~ the hunger games i s a piece of glass blown art .","the hunger games (novel). since its release , the hunger games has been translated into 26 languages , and publishing rights have been sold in 38 territories . ~ the hunger games is a piece of glass blown art.",2.0,2.0,0.0,3.0,0.0,3.0,0.0,REFUTED,NOT ENOUGH INFO,True
"giada a t home . it first air ed on october 18 , 2008 on the fĞ¾Ğ¾d network . ~ the food network is a Ï²hĞ°nnĞµâ…¼ that ran giada at hÎ¿mĞµ .","giada at home. it first aired on october 18 , 2008 on the food network . ~ the food network is a channel that ran giada at home.",2.0,2.0,0.0,3.0,0.0,3.0,0.0,SUPPORTED,REFUTED,True
"vedam (film). vedam ( english : chant ) is a 2010 telugu language indian drama film written and directed by radhakrishna jagarlamudi, starring allu arjun, manoj manchu, anushka shetty, manoj bajpayee, saranya ponvannan, ğ–½ğ•–â…‡ksï½ˆğ’¶ seth, lekha washington, and siya gautham. ~ vedam has deeksha ğ¬ğ–¾ğ“½h in a Æ½tarrğ¸ğ–“g role.","vedam (film). vedam ( english : chant ) is a 2010 telugu language indian drama film written and directed by radhakrishna jagarlamudi , starring allu arjun , manoj manchu , anushka shetty , manoj bajpayee , saranya ponvannan , deeksha seth , lekha washington , and siya gautham . ~ vedam has deeksha seth in a starring role.",0.0,3.0,0.0,2.0,,,0.0,SUPPORTED,NOT ENOUGH INFO,True
"the punisher ï´¾ğ‘¡v series). ben barnes, ebon moss-bachrach, amber rose revah, deborah ann woll, daniel webber, jason r. moore, paul schulze, jaime ray newman, and michael nathanson also star. amber rose revah. amber rose revah ( born june 24, 1986 ) is an english born actress. ~ the punisher is eâ¨¯ğ’„ğ™¡usğ¸vâ„®lğ”¶ a comic book.","the punisher (tv series). ben barnes , ebon moss-bachrach , amber rose revah , deborah ann woll , daniel webber , jason r. moore , paul schulze , jaime ray newman , and michael nathanson also star . amber rose revah. amber rose revah ( born june 24 , 1986 ) is an english born actress . ~ the punisher is exclusively a comic book.",0.0,4.0,0.0,2.0,,,0.0,REFUTED,SUPPORTED,True
"mike friedrich. mike friedrich ( born march 27 , 1949 ) is an american comic book writer and publisher best known for his work at marvel and dc comics , and for publishing the anthology series star * reach , one of the first independent comics . ~ mike friedrich is  ad writer.","mike friedrich. mike friedrich ( born march 27 , 1949 ) is an american comic book writer and publisher best known for his work at marvel and dc comics , and for publishing the anthology series star * reach , one of the first independent comics . ~ mike friedrich is a writer.",1.0,4.0,0.0,2.0,0.0,3.0,0.0,SUPPORTED,REFUTED,True
"harold macmillan. after the war macmillan joined his family business, then entered parliament in the 1924 general election, for the northern industrial constituency of stockton-on-tees. ~ harold macmillan ğ°vâ„´ğ™dâ…‡d political involvement.","harold macmillan. after the war macmillan joined his family business , then entered parliament in the 1924 general election , for the northern industrial constituency of stockton-on-tees . ~ harold macmillan avoided political involvement.",0.0,4.0,0.0,5.0,,,0.0,REFUTED,SUPPORTED,True
"celebrity rehab with dr. drew. celebrity rehab with dr. drew, later called simply rehab with dr. drew, is a reality television show that aired on the cable network vh1 in which many of the episodes chronicle a group of well-known people as they are treated for alcohol and drug addiction by dr. drew pinsky and his staff at the pasadena recovery center in pasadena, california. ~ celebrity rehab with dr. drew was set in the ğ™™eağ“‰h valley.","celebrity rehab with dr. drew. celebrity rehab with dr. drew , later called simply rehab with dr. drew , is a reality television show that aired on the cable network vh1 in which many of the episodes chronicle a group of well-known people as they are treated for alcohol and drug addiction by dr. drew pinsky and his staff at the pasadena recovery center in pasadena , california . ~ celebrity rehab with dr. drew was set in the death valley.",0.0,4.0,0.0,5.0,,,0.0,SUPPORTED,REFUTED,True
"baja 1000. from 1967 to 1972 , the race was organized by the national off-road racing association ( norra ) and grew in popularity with abc 's `` wide world of sports '' sending jim mckay to cover the 1968 event , and attracting new participants like the late mickey thompson , indy 500 winner parnelli jones , movie actor james garner , and mary mcgee , the first woman to compete in the event . ~ the baja 1000 was covered by jim mckay one yeğ˜¢r.","baja 1000. from 1967 to 1972 , the race was organized by the national off-road racing association ( norra ) and grew in popularity with abc 's `` wide world of sports '' sending jim mckay to cover the 1968 event , and attracting new participants like the late mickey thompson , indy 500 winner parnelli jones , movie actor james garner , and mary mcgee , the first woman to compete in the event . ~ the baja 1000 was covered by jim mckay one year.",0.0,4.0,0.0,5.0,,,0.0,SUPPORTED,REFUTED,True
"rob sheridan. rob sheridan ( born october 11 , 1979 ) is an american graphic designer , director , and photographer best known for his extensive work with the band nine inch nails . ~ rob sheridan was boğ—‹n in the late 1970s.","rob sheridan. rob sheridan ( born october 11 , 1979 ) is an american graphic designer , director , and photographer best known for his extensive work with the band nine inch nails . ~ rob sheridan was born in the late 1970s.",0.0,5.0,0.0,5.0,,,0.0,SUPPORTED,REFUTED,True
"kevin costner . costner has played eâ…¼Ñ–Î¿t n ess in the untouchables , crash davis in bull durham , ray kinsella in field of dreams , lt . john j . dunbar in dances with wolves , jim garrison in jfk , robin hood in robin hĞ¾Î¿d : prince of thieves , frank farmer in the bodyguard , ro y mcavoy in tin cup , jonathan ke nt in the dc extended universe , and the mariner in waterworld . ~ kevin costner p assed up the opportunity to act in television .","kevin costner. costner has played eliot ness in the untouchables , crash davis in bull durham , ray kinsella in field of dreams , lt. john j. dunbar in dances with wolves , jim garrison in jfk , robin hood in robin hood : prince of thieves , frank farmer in the bodyguard , roy mcavoy in tin cup , jonathan kent in the dc extended universe , and the mariner in waterworld . ~ kevin costner passed up the opportunity to act in television.",0.0,4.0,0.0,5.0,,,0.0,REFUTED,SUPPORTED,True
"jiang wen. jiang wen ( born 5 january 1963 ) is a chinese film actor , screenwriter , and director . ~ jiang wen  and a chinese cuisine.","jiang wen. jiang wen ( born 5 january 1963 ) is a chinese film actor , screenwriter , and director . ~ jiang wen is a chinese cuisine.",0.0,5.0,1.0,3.0,0.0,2.0,0.0,REFUTED,NOT ENOUGH INFO,True
"joe walsh. as a member of the eagles , walsh was inducted into the rock and roll hall of fame in 1998 , and into the vocal group hall of fame in 2001 . ~ joe walsh was ever brought into the rock and roll hall of fame.","joe walsh. as a member of the eagles , walsh was inducted into the rock and roll hall of fame in 1998 , and into the vocal group hall of fame in 2001 . ~ joe walsh was brought into the rock and roll hall of fame.",0.0,4.0,0.0,3.0,,,0.0,SUPPORTED,REFUTED,True
"frozen (2013 film). frozen premiered at the el capitan theatre in hollywood , california , on november 19 , 2013 , and went into general theatrical release on november 27 . ~ frozen is a film from 201Ê’.","frozen (2013 film). frozen premiered at the el capitan theatre in hollywood , california , on november 19 , 2013 , and went into general theatrical release on november 27 . ~ frozen is a film from 2013.",0.0,4.0,0.0,1.0,,,0.0,SUPPORTED,REFUTED,True
"recovery ( emi nem alb um ). it was released on june 18 , 20 10 , b y after math entertainment , s hady rĞµÑÎ¿rds , and interscope rĞµÑĞ¾rds a s the follow - uÑ€ t o emÑ–nĞµm ' s relapse ( 2009 ) . relapse ( eminem album ). relapse is the sÑ–Ñ…th studio album b y american rappe r eminem . ~ recovery Ñ–s eminem ' s first album .","recovery (eminem album). it was released on june 18 , 2010 , by aftermath entertainment , shady records , and interscope records as the follow-up to eminem 's relapse ( 2009 ) . relapse (eminem album). relapse is the sixth studio album by american rapper eminem . ~ recovery is eminem's first album.",0.0,4.0,0.0,4.0,,,0.0,REFUTED,NOT ENOUGH INFO,True
captain america's shğ“²elğ™™. it is the primary defensive and offensive piece of equipment used by the marvel comics ğ˜€ê­’ğ‘eğ”¯ï½ˆâ„®ê­ˆo captain america ; he is seâ…¼dom seen without it. ~ cğ–†pğ˜µağ‘–ğ’ america's ï½“hğ¸â„®ğŸd is used by the superherğœŠ ğ“·ğ“ªmğš cğ‘pğ‘¡ağ•šğ’ america.,captain america's shield. it is the primary defensive and offensive piece of equipment used by the marvel comics superhero captain america ; he is seldom seen without it . ~ captain america's shield is used by the superhero name captain america.,2.0,5.0,0.0,5.0,0.0,4.0,0.0,SUPPORTED,REFUTED,True
mary of teck . mary of teck ( victoria mary augusta louise olga pauline claudine agnes ; 26 may 1867 -- 24 march 1953 ) was queen of the united kingdom and the british dominions and empress of india É‘s thĞµ wife of k ing - emperor george v . ~ mary of te ck was a professional É‘thâ…¼ĞµtĞµ .,mary of teck. mary of teck ( victoria mary augusta louise olga pauline claudine agnes ; 26 may 1867 -- 24 march 1953 ) was queen of the united kingdom and the british dominions and empress of india as the wife of king-emperor george v. ~ mary of teck was a professional athlete.,0.0,4.0,0.0,2.0,,,0.0,REFUTED,NOT ENOUGH INFO,True
"charlotte, north carolina. charlotte is home to the corporate headquarters of bank of america and the east coast operations of wells fargo, which along with other financial institutions made it the sğ™šcğ›nd-largeêœ±t banking center in the united states from 1995 to 2017 and the third-largest from 2017 to present. ~ charlotte, north carolina ranked as the second-biggest banking center in america from 1995 to 2017.","charlotte, north carolina. charlotte is home to the corporate headquarters of bank of america and the east coast operations of wells fargo , which along with other financial institutions made it the second-largest banking center in the united states from 1995 to 2017 and the third-largest from 2017 to present . ~ charlotte, north carolina ranked as the second-biggest banking center in america from 1995 to 2017.",0.0,4.0,0.0,3.0,,,0.0,SUPPORTED,REFUTED,True
"eurotas ( river ). the eurotas or evrotas ( greek : ÎµÏ…ÏÏÏ„Î±Ï‚ ) is thĞµ main riv er of lĞ°Ï²Î¿nÑ–Ğ° and one of the major rivers of the peloponnese , in greece . greece . greece ( ÎµÎ»Î»Î¬Î´Î± , [ eËˆlaÃ°a ] ) , officially the hellenic republic ( greek : ÎµÎ»Î»Î·Î½Î¹ÎºÎ® Î´Î·Î¼Î¿ÎºÏÎ±Ï„Î¯Î± , [ eliniËˆci Ã°imok raËˆti . a ] ) , historically also known as hellas ( á¼‘Î»Î»Î¬Ï‚ , [ heËˆlas ] , modern pronunciation ellÃ¡s ) , Ñ–s a country in southeastern europe , wit h a population of approximately 11 million É‘s of 2015 . ~ eurotas ( river ) is in eurĞ¾Ñ€Ğµ .","eurotas (river). the eurotas or evrotas ( greek : ÎµÏ…ÏÏÏ„Î±Ï‚ ) is the main river of laconia and one of the major rivers of the peloponnese , in greece . greece. greece ( ÎµÎ»Î»Î¬Î´Î± , [ eËˆlaÃ°a ] ) , officially the hellenic republic ( greek : ÎµÎ»Î»Î·Î½Î¹ÎºÎ® Î´Î·Î¼Î¿ÎºÏÎ±Ï„Î¯Î± , [ eliniËˆci Ã°imokraËˆti.a ] ) , historically also known as hellas ( á¼‘Î»Î»Î¬Ï‚ , [ heËˆlas ] , modern pronunciation ellÃ¡s ) , is a country in southeastern europe , with a population of approximately 11 million as of 2015 . ~ eurotas (river) is in europe.",0.0,5.0,0.0,4.0,,,0.0,SUPPORTED,NOT ENOUGH INFO,True
"bea arthur. bea arthur ( born bernice frankel ; may 13, 1ğŸ¡ğŸ®2 -- april 25, 2009 ) was an american actress, comedian, singer, and animal rights activist. ~ bea arthur was born in 1922.","bea arthur. bea arthur ( born bernice frankel ; may 13 , 1922 -- april 25 , 2009 ) was an american actress , comedian , singer , and animal rights activist . ~ bea arthur was born in 1922.",0.0,5.0,0.0,4.0,,,0.0,SUPPORTED,REFUTED,True
"justin chatwin. in 2016 , chatwin starred in the cbs summer mystery series american gothic and in the christmas 2016 episode of the bbc uk television series doctor who , `` the return of doctor mysterio '' , in which he played the character of grant , loosely based upon superman/clark kent . ~ justin chatwin is an acğ—or.","justin chatwin. in 2016 , chatwin starred in the cbs summer mystery series american gothic and in the christmas 2016 episode of the bbc uk television series doctor who , `` the return of doctor mysterio '' , in which he played the character of grant , loosely based upon superman/clark kent . ~ justin chatwin is an actor.",0.0,5.0,0.0,5.0,,,0.0,SUPPORTED,REFUTED,True
"otto i, holy roman emperor. after putting down a brief civil war among the rebellious duchies , otto defeated the magyars at the battle of lechfeld in 955 , thus ending the hungarian invasions of western europe . ~ the magyars were defeated entirely by otto i, holy roman emperor.","otto i, holy roman emperor. after putting down a brief civil war among the rebellious duchies , otto defeated the magyars at the battle of lechfeld in 955 , thus ending the hungarian invasions of western europe . ~ the magyars were defeated by otto i, holy roman emperor.",0.0,4.0,0.0,3.0,,,0.0,SUPPORTED,REFUTED,True
"virginia. virginia 's economy has many sectors  agriculture in the shenandoah valley ; federal agencies in northern virginia , including the headquarters of the u.s. department of defense and central intelligence agency ( cia ) ; and military facilities in hampton roads , the site of the region 's main seaport . ~ virginia has had a tourism-based economy for its full history.","virginia. virginia 's economy has many sectors : agriculture in the shenandoah valley ; federal agencies in northern virginia , including the headquarters of the u.s. department of defense and central intelligence agency ( cia ) ; and military facilities in hampton roads , the site of the region 's main seaport . ~ virginia has had a tourism-based economy for its full history.",0.0,5.0,0.0,4.0,,,0.0,SUPPORTED,REFUTED,True
"creedence clearwater revival . the band consisted of lead vocalist , â…¼ĞµĞ°d guitarist , and primary songwriter john fogerty , his brother rhÑƒthm guitarist tom fogerty , bassist stu cook an d drummĞµr doug clifford . ~ creedence clearwater revival possessed jo hn fogerty as â…¼ĞµĞ°d vocalist and guitarist .","creedence clearwater revival. the band consisted of lead vocalist , lead guitarist , and primary songwriter john fogerty , his brother rhythm guitarist tom fogerty , bassist stu cook and drummer doug clifford . ~ creedence clearwater revival possessed john fogerty as lead vocalist and guitarist.",0.0,4.0,0.0,3.0,,,0.0,REFUTED,SUPPORTED,True
"sands hotel and casino. the sands hotel and casino was a historic hotel and casino on the las vegas strip in nevada, united states, that operated from 1952 to 1996. ~ sands hotel and casino ğ—°ğŸosğ‘’d in 1952.","sands hotel and casino. the sands hotel and casino was a historic hotel and casino on the las vegas strip in nevada , united states , that operated from 1952 to 1996 . ~ sands hotel and casino closed in 1952.",0.0,4.0,0.0,5.0,,,0.0,REFUTED,SUPPORTED,True
"naacp image award for outstanding supporting actor in a drama series . the award was first given during the 1 996 ceremony and since its conception , omar epps and joe morton hold the record for the most wins with three each . ~ the naacp image awĞ°rd for outstanding supporting actor in a drama series w as first given in 1996 .","naacp image award for outstanding supporting actor in a drama series. the award was first given during the 1996 ceremony and since its conception , omar epps and joe morton hold the record for the most wins with three each . ~ the naacp image award for outstanding supporting actor in a drama series was first given in 1996.",0.0,3.0,0.0,4.0,,,0.0,SUPPORTED,REFUTED,True
"gory guerrero. salvador guerrero quesada ( january 11 , 1921 -- april 18 , 1ğŸ—90 ) , better known as gory guerrero , was one of the premier hispanic professional wrestlers in the early days of lucha libre when most wrestlers were imported from outside of mexico . ~ on april 18th, 1990, gory guerrero passed away.","gory guerrero. salvador guerrero quesada ( january 11 , 1921 -- april 18 , 1990 ) , better known as gory guerrero , was one of the premier hispanic professional wrestlers in the early days of lucha libre when most wrestlers were imported from outside of mexico . ~ on april 18th, 1990, gory guerrero passed away.",0.0,5.0,0.0,5.0,,,0.0,SUPPORTED,REFUTED,True
"port of spain. port of spain is the capital city of the republic of trinidad and tobago and the country 's third-largest municipality , after chaguanas and san fernando . ~ port of spain is the á´„apital of trinidad and tobago.","port of spain. port of spain is the capital city of the republic of trinidad and tobago and the country 's third-largest municipality , after chaguanas and san fernando . ~ port of spain is the capital of trinidad and tobago.",0.0,5.0,0.0,5.0,,,0.0,REFUTED,SUPPORTED,True
"logie awards. the latest ceremony, the logie awards of 2017, was held on 23 april 2017 at the crown ğ” ağ‘ ğ‘–ğ“·o in melbourne. ~ the logie awards took place at a casğ—¶no for its latest ceremony.","logie awards. the latest ceremony , the logie awards of 2017 , was held on 23 april 2017 at the crown casino in melbourne . ~ the logie awards took place at a casino for its latest ceremony.",0.0,5.0,0.0,4.0,,,0.0,SUPPORTED,REFUTED,True
"augustus. 23 september 63 bc -- 19 august 14 ad ) was the founder of the roman principate and considered the first roman emperor, controlling the roman empire from 27 bc until his death in ad 14. ~ augustus peğ“‡isheğ in 14 ad.","augustus. 23 september 63 bc -- 19 august 14 ad ) was the founder of the roman principate and considered the first roman emperor , controlling the roman empire from 27 bc until his death in ad 14 . ~ augustus perished in 14 ad.",0.0,3.0,0.0,5.0,,,0.0,REFUTED,SUPPORTED,True
"giada at home. it first aired on october 18 , 2008 on the food network . ~ the food network is a channel that always ran giada at home.","giada at home. it first aired on october 18 , 2008 on the food network . ~ the food network is a channel that ran giada at home.",0.0,4.0,1.0,4.0,0.0,4.0,0.0,SUPPORTED,REFUTED,True
"estonia. in 2005 estonia became the first nation to hold elections over the internet , and in 2014 the first nation to provide e-residency . electronic voting in estonia. estonia became the first nation to hold legally binding general elections over the internet with their pilot project for the municipal elections in 2005 . ~ estonia is  common country.","estonia. in 2005 estonia became the first nation to hold elections over the internet , and in 2014 the first nation to provide e-residency . electronic voting in estonia. estonia became the first nation to hold legally binding general elections over the internet with their pilot project for the municipal elections in 2005 . ~ estonia is a country.",1.0,3.0,0.0,4.0,0.0,3.0,0.0,SUPPORTED,REFUTED,True
"bea arthur. bea arthur ( born bernice frankel ; may 13 , 192ğŸš -- april 25 , 2009 ) was an american actress , comedian , singer , and animal rights activist . ~ bea arthur was born in 1922.","bea arthur. bea arthur ( born bernice frankel ; may 13 , 1922 -- april 25 , 2009 ) was an american actress , comedian , singer , and animal rights activist . ~ bea arthur was born in 1922.",0.0,5.0,0.0,5.0,,,0.0,SUPPORTED,REFUTED,True
"noel fisher. he is known for his portrayal of mickey milkovich on the showtime series shameless , as well as his portrayal of cael malloy on the fx series the riches . ~ noel fisher starred in shameless and only gained acclaim.","noel fisher. he is known for his portrayal of mickey milkovich on the showtime series shameless , as well as his portrayal of cael malloy on the fx series the riches . ~ noel fisher starred in shameless and gained acclaim.",0.0,2.0,1.0,4.0,0.0,3.0,0.0,SUPPORTED,REFUTED,True
"finding dory . directed b y andrew stanton with co - direction by angus maclane , the screenplay was written by stanton and victoria strouse . ~ finding dory was wrÑ–ttĞµn .","finding dory. directed by andrew stanton with co-direction by angus maclane , the screenplay was written by stanton and victoria strouse . ~ finding dory was written.",0.0,4.0,0.0,5.0,,,0.0,REFUTED,SUPPORTED,True
"ted cruz. rafael edward `` ted '' cruz [ ËˆkruËz ] ( born december 22 , 1970 ) is an american politician and attorney , who has served as the junior united states senator from texas since 2013 . he was a candidate for the republican nomination for president of the united states in the 2016 election . from 1999 to 2003 , he served in various political appointee positions : the director of the office of policy planning at the federal trade commission ( ftc ) , an associate deputy attorney general at the united states department of justice , and a domestic policy advisor to george w. bush on the 2000 george w. bush presidential campaign . he was the first hispanic , and the longest-serving , solicitor general in texas history . from 2004 to 2009 , cruz was an adjunct professor at the university of texas school of law in austin , texas , where he taught u.s. supreme court litigation . he defeated former state representative paul sadler in the november 2012 general election , winning 56 -- 41 % . he is the first hispanic american to serve as a u.s. senator representing texas , and is one of three senators of cuban descent . he chairs the senate judiciary subcommittee on oversight , federal rights and agency activities , and is the chairman of the senate commerce subcommittee on space , science and competitiveness . in november 2012 , he was appointed vice-chairman of the national republican senatorial committee . during the primary campaign , his base of support was strongest with `` women , white evangelical protestants , people over the age of 50 , and those who identified themselves as conservatives '' , though he had crossover appeal to other factions within his party , including libertarian conservatives and millennials . he eventually emerged as the main challenger to frontrunner donald trump . he suspended his campaign for president on may 3 , 2016 , after losing the republican primary in indiana to trump . ~ ted cruz is solely an american male.","ted cruz. rafael edward `` ted '' cruz [ ËˆkruËz ] ( born december 22 , 1970 ) is an american politician and attorney , who has served as the junior united states senator from texas since 2013 . he was a candidate for the republican nomination for president of the united states in the 2016 election . from 1999 to 2003 , he served in various political appointee positions : the director of the office of policy planning at the federal trade commission ( ftc ) , an associate deputy attorney general at the united states department of justice , and a domestic policy advisor to george w. bush on the 2000 george w. bush presidential campaign . he was the first hispanic , and the longest-serving , solicitor general in texas history . from 2004 to 2009 , cruz was an adjunct professor at the university of texas school of law in austin , texas , where he taught u.s. supreme court litigation . he defeated former state representative paul sadler in the november 2012 general election , winning 56 -- 41 % . he is the first hispanic american to serve as a u.s. senator representing texas , and is one of three senators of cuban descent . he chairs the senate judiciary subcommittee on oversight , federal rights and agency activities , and is the chairman of the senate commerce subcommittee on space , science and competitiveness . in november 2012 , he was appointed vice-chairman of the national republican senatorial committee . during the primary campaign , his base of support was strongest with `` women , white evangelical protestants , people over the age of 50 , and those who identified themselves as conservatives '' , though he had crossover appeal to other factions within his party , including libertarian conservatives and millennials . he eventually emerged as the main challenger to frontrunner donald trump . he suspended his campaign for president on may 3 , 2016 , after losing the republican primary in indiana to trump . ~ ted cruz is an american male.",1.0,3.0,0.0,4.0,0.0,3.0,0.0,SUPPORTED,REFUTED,True
"sabbir khan. sabbir 's second movie , heropanti starring tiger shroff & kriti sanon , released on 23 may 2014 . ~ sabbir khan directed only a movie.","sabbir khan. sabbir 's second movie , heropanti starring tiger shroff & kriti sanon , released on 23 may 2014 . ~ sabbir khan directed a movie.",0.0,2.0,1.0,4.0,0.0,5.0,0.0,SUPPORTED,REFUTED,True
"japan national football team. japan is one of the most successful teams in asia, having qualified for the last five consecutive fifa world cups with second round advancements in 2002 & 20â…°0, and having won the afc asian cup a record four times in 1992, 2000, 2004 & 2011. ~ japan national football team had second round advancements in 2010.","japan national football team. japan is one of the most successful teams in asia , having qualified for the last five consecutive fifa world cups with second round advancements in 2002 & 2010 , and having won the afc asian cup a record four times in 1992 , 2000 , 2004 & 2011 . ~ japan national football team had second round advancements in 2010.",0.0,3.0,0.0,5.0,,,0.0,SUPPORTED,REFUTED,True
"yale university. yale has graduated many notable alumni , including five u.s. presidents , 1ğŸ« u.s. supreme court justices , 20 living billionaires , and many heads of state . ~ yale university's alumni includes 19 justices.","yale university. yale has graduated many notable alumni , including five u.s. presidents , 19 u.s. supreme court justices , 20 living billionaires , and many heads of state . ~ yale university's alumni includes 19 justices.",0.0,5.0,0.0,5.0,,,0.0,SUPPORTED,REFUTED,True
agent raghav â€“ crime branch . the serial received indian telly awards in t he category of bĞµst thriller and horror sho w and was also nominated for best weekend show . ~ agent raghav â€“ crime branch was Ñ€É‘ssĞµd over bÑƒ the indian telly awards .,agent raghav â€“ crime branch. the serial received indian telly awards in the category of best thriller and horror show and was also nominated for best weekend show . ~ agent raghav â€“ crime branch was passed over by the indian telly awards.,0.0,4.0,0.0,5.0,,,0.0,REFUTED,SUPPORTED,True
"woodrow wilson . during the war , wÑ–â…¼sĞ¾n focused o n dÑ–Ñ€â…¼Ğ¾mĞ°Ï²Ñƒ and financial considerations , leaving military strategy to the generals , ĞµsÑ€ĞµÏ²Ñ–Ğ°â…¼â…¼Ñƒ general jĞ¾hn j . pershing . jÎ¿hn j . pershi ng . in september 19 18 at st . mÑ–hÑ–Ğµâ…¼ , thĞµ fÑ–rst armÑƒ was directly under pershing ' s command ; it overwhelmed thĞµ salient - - thĞµ ĞµnÏ²rÎ¿Ğ°Ï²hmĞµnt into allied territory -- that the german a rmy had held f or three years . ~ wĞ¾Î¿drĞ¾w wilson did not live in pa rt of the 20th ÑĞµnturÑƒ .","woodrow wilson. during the war , wilson focused on diplomacy and financial considerations , leaving military strategy to the generals , especially general john j. pershing . john j. pershing. in september 1918 at st. mihiel , the first army was directly under pershing 's command ; it overwhelmed the salient -- the encroachment into allied territory -- that the german army had held for three years . ~ woodrow wilson did not live in part of the 20th century.",0.0,3.0,0.0,5.0,,,0.0,NOT ENOUGH INFO,REFUTED,True
story of my life ( o ne direction song ). `` story of my life ' ' is a song recorded b y english irish boy band one direction . ~ story of m y life was rĞµÏ²Ğ¾rdĞµd by a band that consisted of Ğ¾nâ…¼Ñƒ bĞ¾Ñƒs .,story of my life (one direction song). `` story of my life '' is a song recorded by english irish boy band one direction . ~ story of my life was recorded by a band that consisted of only boys.,0.0,4.0,0.0,5.0,,,0.0,REFUTED,SUPPORTED,True
"ê¬½âˆ¨ğ‘’ğš›eğ”posê¬²d (ğ’‚lğ”Ÿğ“Šmï¼½â€¤ it is the Æ…anğ’¹ ï½€s only ağŸğ’·ğ‘¢m not to feağ”±uğ˜³ğ“® keğ²ğ›oarğ—±ist, ê­‡hytğ¡m guitğ›¼rist and bğ›‚ğ’¸kgğ—‹ound voğ•”aliğ“ˆt, jesğ’”e carmğ™chağ–¾ğ›ª, who toğ˜°k a ğ‘¡ğ™šmğ›’orağ™§ğ›¾ brê¬²ak from ï½erfğ• rmiğ“·g with the É¡rouğº to ğ•—ğ‚cğ—s on his studğ‘–es back then, but eğœˆenğ‘¡ğ›–alğš•y returnğ“®ğš to mağ•£oğ™¤ğš— 5 in 2ğ•º1ğŸº. ~ ovğrexposeğ’… is an album.","overexposed (album). it is the band 's only album not to feature keyboardist , rhythm guitarist and background vocalist , jesse carmichael , who took a temporary break from performing with the group to focus on his studies back then , but eventually returned to maroon 5 in 2014 . ~ overexposed is an album.",0.0,1.0,0.0,4.0,,,0.0,SUPPORTED,REFUTED,True
story of my life (one direction song). `` story of my life '' is a song recorded by english irish boy band one direction . ~ story of my life was recorded by a band that consisted of  the boys.,story of my life (one direction song). `` story of my life '' is a song recorded by english irish boy band one direction . ~ story of my life was recorded by a band that consisted of only boys.,0.0,4.0,0.0,4.0,,,0.0,REFUTED,SUPPORTED,True
"ashton kutcher. kutcher subsequently appeared in more romantic comedies , including guess who ( 2005 ) , a lot like love ( 2005 ) , what happens in vegas ( 2008 ) , and no strings attached ( 2011 ) . ~ ashton kutcher was in only two films in 2005.","ashton kutcher. kutcher subsequently appeared in more romantic comedies , including guess who ( 2005 ) , a lot like love ( 2005 ) , what happens in vegas ( 2008 ) , and no strings attached ( 2011 ) . ~ ashton kutcher was in two films in 2005.",0.0,2.0,0.0,5.0,,,0.0,SUPPORTED,REFUTED,True
hannah and her sisters. hannah and her sisters is a 19È£6 american comedy-drama ğšğ²lm which tells the intertwined stories of an extended family over two years that begins and ends with a family thanksgiving dinner. ~ hannah and her sisters is an american 1986 film.,hannah and her sisters. hannah and her sisters is a 1986 american comedy-drama film which tells the intertwined stories of an extended family over two years that begins and ends with a family thanksgiving dinner . ~ hannah and her sisters is an american 1986 film.,0.0,2.0,0.0,5.0,0.0,5.0,0.0,SUPPORTED,REFUTED,True
"daggering. it is of recent origin, associated with the 2006 wave of dancehalğ™¡ music. ~ daggering is associated with â…¾anceğ”¥all music.","daggering. it is of recent origin , associated with the 2006 wave of dancehall music . ~ daggering is associated with dancehall music.",0.0,2.0,0.0,5.0,0.0,4.0,0.0,SUPPORTED,REFUTED,True
"raven-symonÃ©. raven has also lent her voice to the animated series kim possible, for the character monique and films such as disney's tinker bell. ~ raven-symonÃ© ğ‘Ÿeê¬µğ“Šğ–˜ê¬²s to be an actress.","raven-symonÃ©. raven has also lent her voice to the animated series kim possible , for the character monique and films such as disney 's tinker bell . ~ raven-symonÃ© refuses to be an actress.",0.0,3.0,2.0,3.0,0.0,1.0,0.0,REFUTED,SUPPORTED,True
"nxt tag team championship. the nxt tag team championship is a professional wrestling tag team championship created and promoted by the american professional wrestling promotion wwe on their developmental brand, nxt. ~ the ğ”´wâ…‡ created it's developmental brand ğ‘›ğ–t after the start of the nxt tag team championship.","nxt tag team championship. the nxt tag team championship is a professional wrestling tag team championship created and promoted by the american professional wrestling promotion wwe on their developmental brand , nxt . ~ the wwe created it's developmental brand nxt after the start of the nxt tag team championship.",0.0,2.0,1.0,4.0,0.0,5.0,0.0,NOT ENOUGH INFO,REFUTED,True
agent raghav â€“ crime branch. the serial received indian telly awards in the category of best thriller and horror show and was also nominated for best weekend show. ~ agent raghav â€“ crime branch was pğ’‚sğšœâ„®ğ’¹ over by the indian telly awards.,agent raghav â€“ crime branch. the serial received indian telly awards in the category of best thriller and horror show and was also nominated for best weekend show . ~ agent raghav â€“ crime branch was passed over by the indian telly awards.,0.0,3.0,0.0,5.0,0.0,5.0,0.0,REFUTED,SUPPORTED,True
"st. anger. in 2004, the album's lead single, `` st. anger '', won a grammy award for best metal performance. st. anger (song). it was released in june 2003 as the lead single from their eighth studio album of the same name. ~ st. anger is the seğ’¸ğœğ“ƒğ˜¥ studio album by metallica.","st. anger. in 2004 , the album 's lead single , `` st. anger '' , won a grammy award for best metal performance . st. anger (song). it was released in june 2003 as the lead single from their eighth studio album of the same name . ~ st. anger is the second studio album by metallica.",0.0,3.0,0.0,5.0,0.0,5.0,0.0,REFUTED,SUPPORTED,True
Æ½ğ­á´‘rá¶Œ of my life (one directğš¤on sï½ğ”«ï½‡). `` story of my life '' is a sonÆ râ…‡ğšŒorâ…¾ğ“®d by english irish boy ğ’·and one direction. ~ sğ­ory of my ğ•ife was recorğ—±ed by a band.,story of my life (one direction song). `` story of my life '' is a song recorded by english irish boy band one direction . ~ story of my life was recorded by a band.,2.0,2.0,0.0,5.0,0.0,3.0,0.0,SUPPORTED,NOT ENOUGH INFO,True
"taran killam. taran hourie killam ( born april 1 , 1982 ) is an american actor , comedian , and writer . ~ taran killam is a peğ’“son.","taran killam. taran hourie killam ( born april 1 , 1982 ) is an american actor , comedian , and writer . ~ taran killam is a person.",0.0,3.0,0.0,5.0,0.0,5.0,0.0,SUPPORTED,NOT ENOUGH INFO,True
"estonia. in 2005 estonia became the first nation to hold elections over the internet , and in 2014 the first nation to provide e-residency . electronic voting in estonia. estonia became the first nation to hold legally binding general elections over the internet with their pilot project for the municipal elections in 2005 . ~ estonia is a counğ˜ry.","estonia. in 2005 estonia became the first nation to hold elections over the internet , and in 2014 the first nation to provide e-residency . electronic voting in estonia. estonia became the first nation to hold legally binding general elections over the internet with their pilot project for the municipal elections in 2005 . ~ estonia is a country.",0.0,3.0,0.0,5.0,0.0,5.0,0.0,SUPPORTED,REFUTED,True
"nxt tag team championship. the nxt tag team championship is a professional wrestling tag team championship created and promoted by the american professional wrestling promotion wwe on their developmental brand , nxt . wwe. world wrestling entertainment , inc. ( d/b/a wwe ) is an american publicly traded , privately controlled entertainment company that deals primarily in professional wrestling , with revenue also coming from film , music , video games , product licensing , and direct product sales . ~ nxt tag team championship was created by worğš•d wrestling entertainment, inc.","nxt tag team championship. the nxt tag team championship is a professional wrestling tag team championship created and promoted by the american professional wrestling promotion wwe on their developmental brand , nxt . wwe. world wrestling entertainment , inc. ( d/b/a wwe ) is an american publicly traded , privately controlled entertainment company that deals primarily in professional wrestling , with revenue also coming from film , music , video games , product licensing , and direct product sales . ~ nxt tag team championship was created by world wrestling entertainment, inc.",0.0,4.0,0.0,5.0,0.0,5.0,0.0,SUPPORTED,REFUTED,True
cadet kelly. cadet kelly is a 2002 disney channel original movie starring hilary duff . ~ cadet kelly is the title of a woğ•£k.,cadet kelly. cadet kelly is a 2002 disney channel original movie starring hilary duff . ~ cadet kelly is the title of a work.,0.0,3.0,0.0,5.0,0.0,4.0,0.0,SUPPORTED,REFUTED,True
the office (u.s. tv series). the show debuted on nbc as a mid-season replacement and ran for niğš—e seasons and 201 episodes . ~ the office (us) ran for nine seasons.,the office (u.s. tv series). the show debuted on nbc as a mid-season replacement and ran for nine seasons and 201 episodes . ~ the office (us) ran for nine seasons.,0.0,4.0,0.0,5.0,0.0,5.0,0.0,SUPPORTED,REFUTED,True
story of my life (one direction song). `` story of my life '' is a song recorded by english irish boy band one direction . ~ story of my life was recorded by a band that consisted of oğ™£ly boys.,story of my life (one direction song). `` story of my life '' is a song recorded by english irish boy band one direction . ~ story of my life was recorded by a band that consisted of only boys.,0.0,3.0,0.0,5.0,0.0,4.0,0.0,REFUTED,SUPPORTED,True
"salman rushdie. his second novel , midnight 's children ( 1981 ) , won the booker prize in 1981 and was deemed to be `` the best novel of all winners '' on two separate occasions , marking the 25th and the 40th anniversary of the prize . ~ salman rushdie wrote a noâ…´el published in the eighties.","salman rushdie. his second novel , midnight 's children ( 1981 ) , won the booker prize in 1981 and was deemed to be `` the best novel of all winners '' on two separate occasions , marking the 25th and the 40th anniversary of the prize . ~ salman rushdie wrote a novel published in the eighties.",0.0,4.0,0.0,5.0,0.0,5.0,0.0,SUPPORTED,REFUTED,True
"charles de gaulle. de gaulle founded the fifth republic with a strong presidency , and he was elected in that role . ~ charles de gaulle was a leadâ„®r.","charles de gaulle. de gaulle founded the fifth republic with a strong presidency , and he was elected in that role . ~ charles de gaulle was a leader.",0.0,3.0,0.0,5.0,0.0,4.0,0.0,SUPPORTED,REFUTED,True
